team,matches_played,wins,win_percentage
Mumbai Indians,200,120,60.0
Chennai Super Kings,195,115,58.97435897435898
Kolkata Knight Riders,190,100,52.63157894736842
Sunrisers Hyderabad,185,90,48.64864864864865
Royal Challengers Bangalore,188,88,46.808510638297875
Delhi Capitals,182,85,46.7032967032967
